{"cameraMode":{"drawMode":0,"name":"Shaded","section":"Shading Mode"},"sceneLighting":true,"audioPlay":false,"sceneViewState":{"showFog":true,"showMaterialUpdate":false,"showSkybox":true,"showFlares":true,"showImageEffects":true,"showParticleSystems":true},"in2DMode":false,"pivot":{"x":-7.506837844848633,"y":-10.39650821685791,"z":21.857572555541993},"rotation":{"x":0.15981534123420716,"y":-0.41429463028907778,"z":0.07414290308952332,"w":0.8929391503334045},"size":17.887489318847658,"orthographic":false}