{"cameraMode":{"drawMode":0,"name":"Shaded","section":"Shading Mode"},"sceneLighting":true,"audioPlay":false,"sceneViewState":{"showFog":true,"showMaterialUpdate":false,"showSkybox":true,"showFlares":true,"showImageEffects":true,"showParticleSystems":true},"in2DMode":false,"pivot":{"x":-59.794281005859378,"y":-75.70912170410156,"z":-66.30210876464844},"rotation":{"x":0.10743876546621323,"y":-0.8917091488838196,"z":0.2893873155117035,"w":0.3310421109199524},"size":131.27052307128907,"orthographic":false}